#dayofweek,year,month,day,daynumber,hour,minute,second,distance
Tue,2014,09,30,273,11,59,23,110.2
Tue,2014,09,30,273,12,04,02,113.2
Tue,2014,09,30,273,12,05,01,112.4
Tue,2014,09,30,273,12,06,02,112.5
Tue,2014,09,30,273,12,07,02,87.4
Tue,2014,09,30,273,12,08,01,86.7
Tue,2014,09,30,273,12,09,02,81.3
Tue,2014,09,30,273,12,10,01,86.5
Tue,2014,09,30,273,12,11,02,88.0
Tue,2014,09,30,273,12,12,02,87.7
Tue,2014,09,30,273,12,13,01,86.7
Tue,2014,09,30,273,12,14,02,87.0
Tue,2014,09,30,273,12,15,01,86.5
Tue,2014,09,30,273,12,16,02,87.7
Tue,2014,09,30,273,12,17,02,87.6
Tue,2014,09,30,273,12,18,02,86.4
Tue,2014,09,30,273,12,19,01,88.2
Tue,2014,09,30,273,12,20,02,87.0
Tue,2014,09,30,273,12,21,02,87.3
Tue,2014,09,30,273,12,22,01,87.3
Tue,2014,09,30,273,12,23,02,87.3
Tue,2014,09,30,273,12,24,01,87.9
Tue,2014,09,30,273,12,25,02,87.2
Tue,2014,09,30,273,12,26,01,87.5
Tue,2014,09,30,273,12,27,02,87.1
Tue,2014,09,30,273,12,28,02,87.2
Tue,2014,09,30,273,12,29,01,87.9
Tue,2014,09,30,273,12,30,02,87.3
Tue,2014,09,30,273,12,31,01,86.9
Tue,2014,09,30,273,12,32,02,88.0
Tue,2014,09,30,273,12,33,01,87.1
Tue,2014,09,30,273,12,34,01,87.0
Tue,2014,09,30,273,12,35,02,87.8
Tue,2014,09,30,273,12,36,01,87.8
Tue,2014,09,30,273,12,37,02,87.6
Tue,2014,09,30,273,12,38,01,86.8
Tue,2014,09,30,273,12,39,02,87.4
Tue,2014,09,30,273,12,40,02,87.4
Tue,2014,09,30,273,12,41,01,114.1
Tue,2014,09,30,273,12,42,02,113.0
Tue,2014,09,30,273,12,43,01,110.5
Tue,2014,09,30,273,12,44,02,113.8
Tue,2014,09,30,273,12,45,01,112.6
Tue,2014,09,30,273,12,46,02,114.8
Tue,2014,09,30,273,12,47,02,113.5
Tue,2014,09,30,273,12,48,01,111.2
Tue,2014,09,30,273,12,49,02,113.5
Tue,2014,09,30,273,12,50,01,110.5
Tue,2014,09,30,273,12,51,02,114.1
Tue,2014,09,30,273,12,52,02,110.1
Tue,2014,09,30,273,12,53,01,113.4
Tue,2014,09,30,273,12,54,02,113.5
Tue,2014,09,30,273,12,55,01,108.6
Tue,2014,09,30,273,12,56,02,113.3
Tue,2014,09,30,273,12,57,02,112.3
Tue,2014,09,30,273,12,58,01,114.4
Tue,2014,09,30,273,12,59,02,109.9
Tue,2014,09,30,273,13,00,01,109.4
Tue,2014,09,30,273,13,01,02,112.9
Tue,2014,09,30,273,13,02,02,110.6
Tue,2014,09,30,273,13,03,01,108.6
Tue,2014,09,30,273,13,04,02,122.6
Tue,2014,09,30,273,13,05,01,111.2
Tue,2014,09,30,273,13,06,02,113.6
Tue,2014,09,30,273,13,07,02,113.7
Tue,2014,09,30,273,13,08,01,113.1
Tue,2014,09,30,273,13,09,02,108.1
Tue,2014,09,30,273,13,10,01,110.2
Tue,2014,09,30,273,13,11,02,113.4
Tue,2014,09,30,273,13,12,02,112.3
Tue,2014,09,30,273,13,13,01,112.2
Tue,2014,09,30,273,13,14,02,114.7
Tue,2014,09,30,273,13,15,01,114.9
Tue,2014,09,30,273,13,16,02,114.4
Tue,2014,09,30,273,13,17,02,105.1
Tue,2014,09,30,273,13,18,01,113.6
Tue,2014,09,30,273,13,19,02,114.2
Tue,2014,09,30,273,13,20,01,110.4
Tue,2014,09,30,273,13,21,02,110.4
Tue,2014,09,30,273,13,22,02,112.6
Tue,2014,09,30,273,13,23,01,114.2
Tue,2014,09,30,273,13,24,02,112.8
Tue,2014,09,30,273,13,25,01,113.7
Tue,2014,09,30,273,13,26,02,110.8
Tue,2014,09,30,273,13,27,02,115.2
Tue,2014,09,30,273,13,28,01,114.5
Tue,2014,09,30,273,13,29,02,113.7
Tue,2014,09,30,273,13,30,01,113.4
Tue,2014,09,30,273,13,31,02,111.1
Tue,2014,09,30,273,13,32,02,114.5
Tue,2014,09,30,273,13,33,01,111.0
Tue,2014,09,30,273,13,34,02,113.4
Tue,2014,09,30,273,13,35,01,111.3
Tue,2014,09,30,273,13,36,02,111.9
Tue,2014,09,30,273,13,37,02,115.0
Tue,2014,09,30,273,13,38,01,114.0
Tue,2014,09,30,273,13,39,02,107.5
Tue,2014,09,30,273,13,40,01,114.0
Tue,2014,09,30,273,13,41,02,113.9
Tue,2014,09,30,273,13,42,02,113.7
Tue,2014,09,30,273,13,43,01,109.2
Tue,2014,09,30,273,13,44,02,108.7
Tue,2014,09,30,273,13,45,02,109.8
Tue,2014,09,30,273,13,46,01,111.0
Tue,2014,09,30,273,13,47,02,109.9
Tue,2014,09,30,273,13,48,02,108.6
Tue,2014,09,30,273,13,49,01,111.9
Tue,2014,09,30,273,13,50,02,112.2
Tue,2014,09,30,273,13,51,01,110.9
Tue,2014,09,30,273,13,52,02,107.9
Tue,2014,09,30,273,13,53,02,85.7
Tue,2014,09,30,273,13,54,01,83.9
Tue,2014,09,30,273,13,55,02,84.8
Tue,2014,09,30,273,13,56,01,83.7
Tue,2014,09,30,273,13,57,02,84.0
Tue,2014,09,30,273,13,58,02,84.3
Tue,2014,09,30,273,13,59,01,84.3
Tue,2014,09,30,273,14,00,02,85.0
Tue,2014,09,30,273,14,01,01,84.2
Tue,2014,09,30,273,14,02,02,84.5
Tue,2014,09,30,273,14,03,02,85.0
Tue,2014,09,30,273,14,04,01,85.2
Tue,2014,09,30,273,14,05,02,84.3
Tue,2014,09,30,273,14,06,01,85.3
Tue,2014,09,30,273,14,07,02,83.9
Tue,2014,09,30,273,14,08,02,84.7
Tue,2014,09,30,273,14,09,01,83.7
Tue,2014,09,30,273,14,10,02,83.9
Tue,2014,09,30,273,14,11,01,109.5
Tue,2014,09,30,273,14,12,02,109.1
Tue,2014,09,30,273,14,13,02,111.3
Tue,2014,09,30,273,14,14,01,105.7
Tue,2014,09,30,273,14,15,02,111.3
Tue,2014,09,30,273,14,16,01,111.3
Tue,2014,09,30,273,14,17,02,111.2
Tue,2014,09,30,273,14,18,02,109.4
Tue,2014,09,30,273,14,19,01,110.8
Tue,2014,09,30,273,14,20,02,112.3
Tue,2014,09,30,273,14,21,01,111.1
Tue,2014,09,30,273,14,22,02,111.2
Tue,2014,09,30,273,14,23,02,109.8
Tue,2014,09,30,273,14,24,01,110.8
Tue,2014,09,30,273,14,25,02,111.6
Tue,2014,09,30,273,14,26,01,107.9
Tue,2014,09,30,273,14,27,02,112.2
Tue,2014,09,30,273,14,28,02,111.5
Tue,2014,09,30,273,14,29,01,111.9
Tue,2014,09,30,273,14,30,02,108.3
Tue,2014,09,30,273,14,31,01,111.1
Tue,2014,09,30,273,14,32,02,110.8
Tue,2014,09,30,273,14,33,02,107.8
Tue,2014,09,30,273,14,34,01,109.8
Tue,2014,09,30,273,14,35,02,112.9
Tue,2014,09,30,273,14,36,01,112.4
Tue,2014,09,30,273,14,37,02,108.7
Tue,2014,09,30,273,14,38,02,109.6
Tue,2014,09,30,273,14,39,01,112.2
Tue,2014,09,30,273,14,40,02,111.8
Tue,2014,09,30,273,14,41,01,110.8
Tue,2014,09,30,273,14,42,02,111.9
Tue,2014,09,30,273,14,43,01,112.1
Tue,2014,09,30,273,14,44,01,109.0
Tue,2014,09,30,273,14,45,02,111.7
Tue,2014,09,30,273,14,46,01,110.8
Tue,2014,09,30,273,14,47,02,109.1
Tue,2014,09,30,273,14,48,01,111.6
Tue,2014,09,30,273,14,49,01,112.3
Tue,2014,09,30,273,14,50,02,112.3
Tue,2014,09,30,273,14,51,01,111.0
Tue,2014,09,30,273,14,52,02,111.2
Tue,2014,09,30,273,14,53,01,110.9
Tue,2014,09,30,273,14,54,02,111.7
Tue,2014,09,30,273,14,55,02,110.5
Tue,2014,09,30,273,14,56,01,112.2
Tue,2014,09,30,273,14,57,02,111.5
Tue,2014,09,30,273,14,58,01,111.7
Tue,2014,09,30,273,14,59,02,111.5
Tue,2014,09,30,273,15,00,02,112.1
Tue,2014,09,30,273,15,01,01,112.5
Tue,2014,09,30,273,15,02,02,112.5
Tue,2014,09,30,273,15,03,01,107.6
Tue,2014,09,30,273,15,04,02,110.3
Tue,2014,09,30,273,15,05,02,112.3
Tue,2014,09,30,273,15,06,01,107.3
Tue,2014,09,30,273,15,07,02,111.5
Tue,2014,09,30,273,15,08,01,111.4
Tue,2014,09,30,273,15,09,02,112.2
Tue,2014,09,30,273,15,10,02,111.5
Tue,2014,09,30,273,15,11,01,110.4
Tue,2014,09,30,273,15,12,02,109.6
Tue,2014,09,30,273,15,13,01,112.1
Tue,2014,09,30,273,15,14,02,112.4
Tue,2014,09,30,273,15,15,02,112.2
Tue,2014,09,30,273,15,16,01,112.3
Tue,2014,09,30,273,15,17,02,111.2
Tue,2014,09,30,273,15,18,01,111.2
Tue,2014,09,30,273,15,19,02,109.3
Tue,2014,09,30,273,15,20,02,112.0
Tue,2014,09,30,273,15,21,01,111.3
Tue,2014,09,30,273,15,22,02,112.0
Tue,2014,09,30,273,15,23,01,105.4
Tue,2014,09,30,273,15,24,02,111.4
Tue,2014,09,30,273,15,25,02,111.4
Tue,2014,09,30,273,15,26,01,112.2
Tue,2014,09,30,273,15,27,02,112.3
Tue,2014,09,30,273,15,28,01,112.8
Tue,2014,09,30,273,15,29,02,111.9
Tue,2014,09,30,273,15,30,02,112.1
Tue,2014,09,30,273,15,31,01,111.6
Tue,2014,09,30,273,15,32,02,112.1
Tue,2014,09,30,273,15,33,01,112.1
Tue,2014,09,30,273,15,34,02,112.7
Tue,2014,09,30,273,15,35,02,112.7
Tue,2014,09,30,273,15,36,01,112.5
Tue,2014,09,30,273,15,37,02,111.8
Tue,2014,09,30,273,15,38,01,113.0
Tue,2014,09,30,273,15,39,02,111.7
Tue,2014,09,30,273,15,40,02,112.3
Tue,2014,09,30,273,15,41,01,112.1
Tue,2014,09,30,273,15,42,02,112.8
Tue,2014,09,30,273,15,43,01,112.7
Tue,2014,09,30,273,15,44,02,112.2
Tue,2014,09,30,273,15,45,02,112.1
Tue,2014,09,30,273,15,46,01,112.3
Tue,2014,09,30,273,15,47,02,111.9
Tue,2014,09,30,273,15,48,01,112.2
Tue,2014,09,30,273,15,49,02,112.2
Tue,2014,09,30,273,15,50,02,111.9
Tue,2014,09,30,273,15,51,01,112.0
Tue,2014,09,30,273,15,52,02,111.6
Tue,2014,09,30,273,15,53,01,112.3
Tue,2014,09,30,273,15,54,02,111.6
Tue,2014,09,30,273,15,55,01,112.4
Tue,2014,09,30,273,15,56,01,112.0
Tue,2014,09,30,273,15,57,02,113.0
Tue,2014,09,30,273,15,58,01,111.1
Tue,2014,09,30,273,15,59,02,112.0
Tue,2014,09,30,273,16,00,01,111.8
Tue,2014,09,30,273,16,01,01,112.5
Tue,2014,09,30,273,16,02,02,112.3
Tue,2014,09,30,273,16,03,01,112.2
Tue,2014,09,30,273,16,04,02,111.3
Tue,2014,09,30,273,16,05,01,112.2
Tue,2014,09,30,273,16,06,02,112.6
Tue,2014,09,30,273,16,07,02,112.0
Tue,2014,09,30,273,16,08,01,112.2
Tue,2014,09,30,273,16,09,02,112.2
Tue,2014,09,30,273,16,10,01,111.5
Tue,2014,09,30,273,16,11,02,111.9
Tue,2014,09,30,273,16,12,02,111.9
Tue,2014,09,30,273,16,13,01,112.0
Tue,2014,09,30,273,16,14,02,112.4
Tue,2014,09,30,273,16,15,01,112.8
Tue,2014,09,30,273,16,16,02,112.0
Tue,2014,09,30,273,16,17,02,112.0
Tue,2014,09,30,273,16,18,01,112.1
Tue,2014,09,30,273,16,19,02,112.2
Tue,2014,09,30,273,16,20,01,111.8
Tue,2014,09,30,273,16,21,01,112.4
Tue,2014,09,30,273,16,22,02,111.1
Tue,2014,09,30,273,16,23,01,112.3
Tue,2014,09,30,273,16,24,02,112.0
Tue,2014,09,30,273,16,25,01,111.8
Tue,2014,09,30,273,16,26,02,112.6
Tue,2014,09,30,273,16,27,02,111.9
Tue,2014,09,30,273,16,28,01,112.4
Tue,2014,09,30,273,16,29,02,112.7
Tue,2014,09,30,273,16,30,01,112.1
Tue,2014,09,30,273,16,31,02,111.7
Tue,2014,09,30,273,16,32,02,111.5
Tue,2014,09,30,273,16,33,01,111.3
Tue,2014,09,30,273,16,34,02,112.7
Tue,2014,09,30,273,16,35,01,112.5
Tue,2014,09,30,273,16,36,02,112.0
Tue,2014,09,30,273,16,37,02,112.6
Tue,2014,09,30,273,16,38,01,80.4
Tue,2014,09,30,273,16,39,02,80.8
Tue,2014,09,30,273,16,40,01,81.4
Tue,2014,09,30,273,16,41,02,81.8
Tue,2014,09,30,273,16,42,02,81.0
Tue,2014,09,30,273,16,43,01,81.1
Tue,2014,09,30,273,16,44,02,80.8
Tue,2014,09,30,273,16,45,01,81.6
Tue,2014,09,30,273,16,46,02,81.2
Tue,2014,09,30,273,16,47,02,81.3
Tue,2014,09,30,273,16,48,01,81.4
Tue,2014,09,30,273,16,49,02,81.0
Tue,2014,09,30,273,16,50,01,81.8
Tue,2014,09,30,273,16,51,02,81.1
Tue,2014,09,30,273,16,52,02,81.0
Tue,2014,09,30,273,16,53,01,80.8
Tue,2014,09,30,273,16,54,02,80.6
Tue,2014,09,30,273,16,55,01,81.0
Tue,2014,09,30,273,16,56,02,81.9
Tue,2014,09,30,273,16,57,02,81.0
Tue,2014,09,30,273,16,58,01,81.4
Tue,2014,09,30,273,16,59,02,80.6
Tue,2014,09,30,273,17,00,01,80.6
Tue,2014,09,30,273,17,01,02,81.5
Tue,2014,09,30,273,17,02,02,81.1
Tue,2014,09,30,273,17,03,01,81.0
Tue,2014,09,30,273,17,04,02,80.7
Tue,2014,09,30,273,17,05,01,81.6
Tue,2014,09,30,273,17,06,02,80.9
Tue,2014,09,30,273,17,07,02,81.5
Tue,2014,09,30,273,17,08,01,81.1
Tue,2014,09,30,273,17,09,02,80.6
Tue,2014,09,30,273,17,10,01,81.1
Tue,2014,09,30,273,17,11,02,81.1
Tue,2014,09,30,273,17,12,02,81.4
Tue,2014,09,30,273,17,13,01,80.7
Tue,2014,09,30,273,17,14,02,80.7
Tue,2014,09,30,273,17,15,01,81.5
Tue,2014,09,30,273,17,16,02,78.8
Tue,2014,09,30,273,17,17,02,81.3
Tue,2014,09,30,273,17,18,01,81.2
Tue,2014,09,30,273,17,19,02,80.6
Tue,2014,09,30,273,17,20,02,81.1
Tue,2014,09,30,273,17,21,01,81.2
Tue,2014,09,30,273,17,22,02,80.8
Tue,2014,09,30,273,17,23,01,80.5
Tue,2014,09,30,273,17,24,02,80.9
Tue,2014,09,30,273,17,25,02,80.9
Tue,2014,09,30,273,17,26,01,81.3
Tue,2014,09,30,273,17,27,02,80.5
Tue,2014,09,30,273,17,28,01,81.1
Tue,2014,09,30,273,17,29,02,81.2
Tue,2014,09,30,273,17,30,02,81.2
Tue,2014,09,30,273,17,31,01,81.0
Tue,2014,09,30,273,17,32,02,80.7
Tue,2014,09,30,273,17,33,01,79.8
Tue,2014,09,30,273,17,34,02,81.0
Tue,2014,09,30,273,17,35,02,80.5
Tue,2014,09,30,273,17,36,01,80.5
Tue,2014,09,30,273,17,37,02,81.3
Tue,2014,09,30,273,17,38,02,80.8
Tue,2014,09,30,273,17,39,01,80.7
Tue,2014,09,30,273,17,40,02,81.0
Tue,2014,09,30,273,17,41,02,80.0
Tue,2014,09,30,273,17,42,01,81.1
Tue,2014,09,30,273,17,43,02,81.1
Tue,2014,09,30,273,17,44,01,80.5
Tue,2014,09,30,273,17,45,02,80.3
Tue,2014,09,30,273,17,46,02,80.7
Tue,2014,09,30,273,17,47,01,80.8
Tue,2014,09,30,273,17,48,02,81.7
Tue,2014,09,30,273,17,49,01,82.0
Tue,2014,09,30,273,17,50,02,80.2
Tue,2014,09,30,273,17,51,02,81.4
Tue,2014,09,30,273,17,52,01,81.4
Tue,2014,09,30,273,17,53,02,81.1
Tue,2014,09,30,273,17,54,01,80.5
Tue,2014,09,30,273,17,55,02,80.7
Tue,2014,09,30,273,17,56,02,80.4
Tue,2014,09,30,273,17,57,01,81.6
Tue,2014,09,30,273,17,58,02,80.8
Tue,2014,09,30,273,17,59,01,80.4
Tue,2014,09,30,273,18,00,02,81.0
Tue,2014,09,30,273,18,01,02,94.0
Tue,2014,09,30,273,18,02,01,80.7
Tue,2014,09,30,273,18,03,02,80.5
Tue,2014,09,30,273,18,04,01,80.9
Tue,2014,09,30,273,18,05,02,80.1
Tue,2014,09,30,273,18,06,02,81.2
Tue,2014,09,30,273,18,07,01,81.0
Tue,2014,09,30,273,18,08,02,80.8
Tue,2014,09,30,273,18,09,01,81.0
Tue,2014,09,30,273,18,10,01,80.1
Tue,2014,09,30,273,18,11,02,81.1
Tue,2014,09,30,273,18,12,01,80.8
Tue,2014,09,30,273,18,13,02,80.3
Tue,2014,09,30,273,18,14,01,80.8
Tue,2014,09,30,273,18,15,01,81.6
Tue,2014,09,30,273,18,16,02,81.2
Tue,2014,09,30,273,18,17,01,80.5
Tue,2014,09,30,273,18,18,02,81.2
Tue,2014,09,30,273,18,19,02,81.7
Tue,2014,09,30,273,18,20,01,81.1
Tue,2014,09,30,273,18,21,02,79.7
Tue,2014,09,30,273,18,22,01,81.2
Tue,2014,09,30,273,18,23,02,80.8
Tue,2014,09,30,273,18,24,02,80.9
Tue,2014,09,30,273,18,25,01,81.5
Tue,2014,09,30,273,18,26,02,80.5
Tue,2014,09,30,273,18,27,01,81.0
Tue,2014,09,30,273,18,28,02,81.1
Tue,2014,09,30,273,18,29,02,80.7
Tue,2014,09,30,273,18,30,01,80.8
Tue,2014,09,30,273,18,31,02,80.5
Tue,2014,09,30,273,18,32,01,80.6
Tue,2014,09,30,273,18,33,02,81.2
Tue,2014,09,30,273,18,34,02,80.9
Tue,2014,09,30,273,18,35,01,81.1
Tue,2014,09,30,273,18,36,02,81.2
Tue,2014,09,30,273,18,37,01,80.9
Tue,2014,09,30,273,18,38,02,80.9
Tue,2014,09,30,273,18,39,02,79.9
Wed,2014,10,01,274,10,35,55,106.8
Wed,2014,10,01,274,10,36,02,106.3
Wed,2014,10,01,274,10,37,01,108.3
Wed,2014,10,01,274,10,38,02,107.2
Wed,2014,10,01,274,10,39,02,107.8
Wed,2014,10,01,274,10,40,01,108.2
Wed,2014,10,01,274,10,41,02,107.2
Wed,2014,10,01,274,10,42,01,107.2
Wed,2014,10,01,274,10,43,02,108.0
Wed,2014,10,01,274,10,44,01,107.7
Wed,2014,10,01,274,10,45,02,108.0
Wed,2014,10,01,274,10,46,01,108.4
Wed,2014,10,01,274,10,47,01,106.8
Wed,2014,10,01,274,10,48,02,107.7
Wed,2014,10,01,274,10,49,01,107.5
Wed,2014,10,01,274,10,50,02,107.5
Wed,2014,10,01,274,10,51,01,108.0
Wed,2014,10,01,274,10,52,02,80.8
Wed,2014,10,01,274,10,53,01,80.3
Wed,2014,10,01,274,10,54,02,81.0
Wed,2014,10,01,274,10,55,02,81.2
Wed,2014,10,01,274,10,56,01,82.2
Wed,2014,10,01,274,10,57,02,81.8
Wed,2014,10,01,274,10,58,01,81.8
Wed,2014,10,01,274,10,59,02,81.4
Wed,2014,10,01,274,11,00,01,81.1
Wed,2014,10,01,274,11,01,02,80.4
Wed,2014,10,01,274,11,02,02,81.0
Wed,2014,10,01,274,11,03,01,80.9
Wed,2014,10,01,274,11,04,02,80.0
Wed,2014,10,01,274,11,05,01,80.7
Wed,2014,10,01,274,11,06,02,80.5
Wed,2014,10,01,274,11,07,01,81.9
Wed,2014,10,01,274,11,08,02,81.0
Wed,2014,10,01,274,11,09,02,81.7
Wed,2014,10,01,274,11,10,01,81.3
Wed,2014,10,01,274,11,11,02,81.6
Wed,2014,10,01,274,11,12,01,82.3
Wed,2014,10,01,274,11,13,02,81.4
Wed,2014,10,01,274,11,14,01,81.8
Wed,2014,10,01,274,11,15,02,81.1
Wed,2014,10,01,274,11,16,02,80.8
Wed,2014,10,01,274,11,17,01,82.0
Wed,2014,10,01,274,11,18,02,81.0
Wed,2014,10,01,274,11,19,01,81.0
Wed,2014,10,01,274,11,20,02,81.9
Wed,2014,10,01,274,11,21,01,81.6
Wed,2014,10,01,274,11,22,02,81.6
Wed,2014,10,01,274,11,23,02,81.5
Wed,2014,10,01,274,11,24,01,81.5
Wed,2014,10,01,274,11,25,02,81.1
Wed,2014,10,01,274,11,26,01,82.4
Wed,2014,10,01,274,11,27,02,81.2
Wed,2014,10,01,274,11,28,01,82.0
Wed,2014,10,01,274,11,29,01,82.0
Wed,2014,10,01,274,11,30,02,81.3
Wed,2014,10,01,274,11,31,01,81.7
Wed,2014,10,01,274,11,32,02,82.3
Wed,2014,10,01,274,11,33,01,82.4
Wed,2014,10,01,274,11,34,02,81.0
Wed,2014,10,01,274,11,35,02,82.0
Wed,2014,10,01,274,11,36,01,82.3
Wed,2014,10,01,274,11,37,02,81.8
Wed,2014,10,01,274,11,38,01,81.2
Wed,2014,10,01,274,11,39,02,81.2
Wed,2014,10,01,274,11,40,02,82.0
Wed,2014,10,01,274,11,41,01,81.6
Wed,2014,10,01,274,11,42,02,81.7
Wed,2014,10,01,274,11,43,01,82.1
Wed,2014,10,01,274,11,44,02,82.2
Wed,2014,10,01,274,11,45,02,81.2
Wed,2014,10,01,274,11,46,01,173.9
Wed,2014,10,01,274,11,47,02,81.5
Wed,2014,10,01,274,11,48,01,82.3
Wed,2014,10,01,274,11,49,02,82.5
Wed,2014,10,01,274,11,50,01,80.9
Wed,2014,10,01,274,11,51,01,82.0
Wed,2014,10,01,274,11,52,02,82.2
Wed,2014,10,01,274,11,53,01,82.5
Wed,2014,10,01,274,11,54,02,81.9
Wed,2014,10,01,274,11,55,01,82.4
Wed,2014,10,01,274,11,56,02,81.5
Wed,2014,10,01,274,11,57,02,81.4
Wed,2014,10,01,274,11,58,01,82.4
Wed,2014,10,01,274,11,59,02,80.9
Wed,2014,10,01,274,12,00,01,81.9
Wed,2014,10,01,274,12,01,02,82.1
Wed,2014,10,01,274,12,02,02,81.8
Wed,2014,10,01,274,12,03,01,81.7
Wed,2014,10,01,274,12,04,02,82.5
Wed,2014,10,01,274,12,05,01,81.3
Wed,2014,10,01,274,12,06,02,81.1
Wed,2014,10,01,274,12,07,02,81.7
Wed,2014,10,01,274,12,08,01,115.3
Wed,2014,10,01,274,12,09,02,115.2
Wed,2014,10,01,274,12,10,01,115.8
Wed,2014,10,01,274,12,11,02,114.3
Wed,2014,10,01,274,12,12,01,116.0
Wed,2014,10,01,274,12,13,02,115.2
Wed,2014,10,01,274,12,14,02,115.5
Wed,2014,10,01,274,12,15,01,115.6
Wed,2014,10,01,274,12,16,02,116.0
Wed,2014,10,01,274,12,17,01,115.2
Wed,2014,10,01,274,12,18,02,115.0
Wed,2014,10,01,274,12,19,02,115.9
Wed,2014,10,01,274,12,20,01,115.6
Wed,2014,10,01,274,12,21,02,115.6
Wed,2014,10,01,274,12,22,01,115.7
Wed,2014,10,01,274,12,23,02,115.0
Wed,2014,10,01,274,12,24,02,115.9
Wed,2014,10,01,274,12,25,01,115.3
Wed,2014,10,01,274,12,26,02,115.3
Wed,2014,10,01,274,12,27,01,115.3
Wed,2014,10,01,274,12,28,02,115.1
Wed,2014,10,01,274,12,29,01,115.1
Wed,2014,10,01,274,12,30,02,115.2
Wed,2014,10,01,274,12,31,02,115.2
Wed,2014,10,01,274,12,32,01,115.0
Wed,2014,10,01,274,12,33,02,114.7
Wed,2014,10,01,274,12,34,01,115.5
Wed,2014,10,01,274,12,35,02,115.5
Wed,2014,10,01,274,12,36,02,114.4
Wed,2014,10,01,274,12,37,01,115.3
Wed,2014,10,01,274,12,38,02,114.6
Wed,2014,10,01,274,12,39,01,114.6
Wed,2014,10,01,274,12,40,02,114.7
Wed,2014,10,01,274,12,41,01,114.9
Wed,2014,10,01,274,12,42,01,114.9
Wed,2014,10,01,274,12,43,02,115.0
Wed,2014,10,01,274,12,44,01,115.5
Wed,2014,10,01,274,12,45,02,81.4
Wed,2014,10,01,274,12,46,01,81.1
Wed,2014,10,01,274,12,47,02,80.5
Wed,2014,10,01,274,12,48,02,80.1
Wed,2014,10,01,274,12,49,01,81.7
Wed,2014,10,01,274,12,50,02,81.6
Wed,2014,10,01,274,12,51,01,80.9
Wed,2014,10,01,274,12,52,02,80.8
Wed,2014,10,01,274,12,53,02,81.0
Wed,2014,10,01,274,12,54,01,81.9
Wed,2014,10,01,274,12,55,02,80.7
Wed,2014,10,01,274,12,56,01,81.9
Wed,2014,10,01,274,12,57,02,81.3
Wed,2014,10,01,274,12,58,02,81.5
Wed,2014,10,01,274,12,59,01,81.3
Wed,2014,10,01,274,13,00,02,81.5
Wed,2014,10,01,274,13,01,01,80.2
Wed,2014,10,01,274,13,02,02,81.6
Wed,2014,10,01,274,13,03,01,81.6
Wed,2014,10,01,274,13,04,01,82.0
Wed,2014,10,01,274,13,05,02,81.1
Wed,2014,10,01,274,13,06,01,81.2
Wed,2014,10,01,274,13,07,02,81.0
Wed,2014,10,01,274,13,08,01,80.7
Wed,2014,10,01,274,13,09,02,82.2
Wed,2014,10,01,274,13,10,02,81.5
Wed,2014,10,01,274,13,11,01,81.7
Wed,2014,10,01,274,13,12,02,81.6
Wed,2014,10,01,274,13,13,01,81.1
Wed,2014,10,01,274,13,14,02,81.8
Wed,2014,10,01,274,13,15,02,81.7
Wed,2014,10,01,274,13,16,01,81.3
Wed,2014,10,01,274,13,17,02,80.3
Wed,2014,10,01,274,13,18,01,81.1
Wed,2014,10,01,274,13,19,02,80.8
Wed,2014,10,01,274,13,20,02,82.1
Wed,2014,10,01,274,13,21,01,82.1
Wed,2014,10,01,274,13,22,02,82.5
Wed,2014,10,01,274,13,23,01,82.1
Wed,2014,10,01,274,13,24,02,81.0
Wed,2014,10,01,274,13,25,02,82.2
Wed,2014,10,01,274,13,26,01,82.3
Wed,2014,10,01,274,13,27,02,81.9
Wed,2014,10,01,274,13,28,01,81.6
Wed,2014,10,01,274,13,29,02,81.8
Wed,2014,10,01,274,13,30,02,80.5
Wed,2014,10,01,274,13,31,01,81.7
Wed,2014,10,01,274,13,32,02,81.7
Wed,2014,10,01,274,13,33,01,81.5
Wed,2014,10,01,274,13,34,02,80.9
Wed,2014,10,01,274,13,35,01,82.1
Wed,2014,10,01,274,13,36,02,80.5
Wed,2014,10,01,274,13,37,02,82.4
Wed,2014,10,01,274,13,38,01,82.0
Wed,2014,10,01,274,13,39,02,81.6
Wed,2014,10,01,274,13,40,01,81.6
Wed,2014,10,01,274,13,41,02,81.5
Wed,2014,10,01,274,13,42,02,82.2
Wed,2014,10,01,274,13,43,01,81.3
Wed,2014,10,01,274,13,44,02,81.8
Wed,2014,10,01,274,13,45,01,81.7
Wed,2014,10,01,274,13,46,02,80.7
Wed,2014,10,01,274,13,47,02,82.3
Wed,2014,10,01,274,13,48,01,81.9
Wed,2014,10,01,274,13,49,02,82.5
Wed,2014,10,01,274,13,50,01,81.0
Wed,2014,10,01,274,13,51,02,81.7
Wed,2014,10,01,274,13,52,01,81.6
Wed,2014,10,01,274,13,53,01,81.4
Wed,2014,10,01,274,13,54,02,82.0
Wed,2014,10,01,274,13,55,01,82.0
Wed,2014,10,01,274,13,56,02,81.8
Wed,2014,10,01,274,13,57,02,82.1
Wed,2014,10,01,274,13,58,01,82.5
Wed,2014,10,01,274,13,59,01,82.1
Wed,2014,10,01,274,14,00,02,82.1
Wed,2014,10,01,274,14,01,01,83.0
Wed,2014,10,01,274,14,02,02,81.1
Wed,2014,10,01,274,14,03,01,82.4
Wed,2014,10,01,274,14,04,02,82.3
Wed,2014,10,01,274,14,05,02,81.1
Wed,2014,10,01,274,14,06,01,109.2
Wed,2014,10,01,274,14,07,02,116.0
Wed,2014,10,01,274,14,08,01,115.3
Wed,2014,10,01,274,14,09,02,115.8
Wed,2014,10,01,274,14,10,02,115.6
Wed,2014,10,01,274,14,11,01,115.8
Wed,2014,10,01,274,14,12,02,116.1
Wed,2014,10,01,274,14,13,01,115.8
Wed,2014,10,01,274,14,14,02,113.4
Wed,2014,10,01,274,14,15,01,115.8
Wed,2014,10,01,274,14,16,02,128.1
Wed,2014,10,01,274,14,17,02,115.5
Wed,2014,10,01,274,14,18,01,115.9
Wed,2014,10,01,274,14,19,02,116.2
Wed,2014,10,01,274,14,20,01,116.0
Wed,2014,10,01,274,14,21,02,116.3
Wed,2014,10,01,274,14,22,02,116.1
Wed,2014,10,01,274,14,23,01,115.1
Wed,2014,10,01,274,14,24,02,115.4
Wed,2014,10,01,274,14,25,01,115.8
Wed,2014,10,01,274,14,26,02,116.8
Wed,2014,10,01,274,14,27,02,116.3
Wed,2014,10,01,274,14,28,01,115.4
Wed,2014,10,01,274,14,29,02,116.0
Wed,2014,10,01,274,14,30,01,116.4
Wed,2014,10,01,274,14,31,02,116.2
Wed,2014,10,01,274,14,32,01,116.1
Wed,2014,10,01,274,14,33,02,116.4
Wed,2014,10,01,274,14,34,02,116.3
Wed,2014,10,01,274,14,35,01,116.5
Wed,2014,10,01,274,14,36,02,116.0
Wed,2014,10,01,274,14,37,01,116.0
Wed,2014,10,01,274,14,38,02,116.6
Wed,2014,10,01,274,14,39,02,116.0
Wed,2014,10,01,274,14,40,01,116.4
Wed,2014,10,01,274,14,41,02,115.8
Wed,2014,10,01,274,14,42,01,116.9
Wed,2014,10,01,274,14,43,02,116.3
Wed,2014,10,01,274,14,44,01,116.6
Wed,2014,10,01,274,14,45,02,116.4
Wed,2014,10,01,274,14,46,02,116.5
Wed,2014,10,01,274,14,47,01,116.4
Wed,2014,10,01,274,14,48,02,116.3
Wed,2014,10,01,274,14,49,01,116.6
Wed,2014,10,01,274,14,50,02,115.6
Wed,2014,10,01,274,14,51,02,115.4
Wed,2014,10,01,274,14,52,01,116.5
Wed,2014,10,01,274,14,53,02,116.2
Wed,2014,10,01,274,14,54,01,115.9
Wed,2014,10,01,274,14,55,02,116.0
Wed,2014,10,01,274,14,56,01,116.4
Wed,2014,10,01,274,14,57,01,115.9
Wed,2014,10,01,274,14,58,02,116.9
Wed,2014,10,01,274,14,59,01,115.4
Wed,2014,10,01,274,15,00,02,115.5
Wed,2014,10,01,274,15,01,01,116.7
Wed,2014,10,01,274,15,02,02,116.3
Wed,2014,10,01,274,15,03,02,116.1
Wed,2014,10,01,274,15,04,01,115.7
Wed,2014,10,01,274,15,05,02,115.1
Wed,2014,10,01,274,15,06,01,116.2
Wed,2014,10,01,274,15,07,02,116.4
Wed,2014,10,01,274,15,08,02,116.4
Wed,2014,10,01,274,15,09,01,116.5
Wed,2014,10,01,274,15,10,02,116.1
Wed,2014,10,01,274,15,11,01,115.8
Wed,2014,10,01,274,15,12,02,116.7
Wed,2014,10,01,274,15,13,01,116.0
Wed,2014,10,01,274,15,14,02,116.6
Wed,2014,10,01,274,15,15,02,116.1
Wed,2014,10,01,274,15,16,01,115.6
Wed,2014,10,01,274,15,17,02,116.6
Wed,2014,10,01,274,15,18,01,116.0
Wed,2014,10,01,274,15,19,02,115.9
Wed,2014,10,01,274,15,20,02,116.1
Wed,2014,10,01,274,15,21,01,116.3
Wed,2014,10,01,274,15,22,02,115.8
Wed,2014,10,01,274,15,23,01,116.2
Wed,2014,10,01,274,15,24,02,115.7
Wed,2014,10,01,274,15,25,02,115.8
Wed,2014,10,01,274,15,26,01,116.0
Wed,2014,10,01,274,15,27,02,115.6
Wed,2014,10,01,274,15,28,01,115.3
Wed,2014,10,01,274,15,29,02,116.3
Wed,2014,10,01,274,15,30,01,115.7
Wed,2014,10,01,274,15,31,01,116.1
Wed,2014,10,01,274,15,32,02,116.2
Wed,2014,10,01,274,15,33,01,115.5
Wed,2014,10,01,274,15,34,02,116.5
Wed,2014,10,01,274,15,35,01,116.2
Wed,2014,10,01,274,15,36,02,115.8
Wed,2014,10,01,274,15,37,02,115.7
Wed,2014,10,01,274,15,38,01,115.7
Wed,2014,10,01,274,15,39,02,115.6
Wed,2014,10,01,274,15,40,01,115.9
Wed,2014,10,01,274,15,41,02,115.1
Wed,2014,10,01,274,15,42,01,115.2
Wed,2014,10,01,274,15,43,01,115.6
Wed,2014,10,01,274,15,44,02,115.5
Wed,2014,10,01,274,15,45,01,115.5
Wed,2014,10,01,274,15,46,02,115.9
Wed,2014,10,01,274,15,47,01,115.6
Wed,2014,10,01,274,15,48,02,115.9
Wed,2014,10,01,274,15,49,02,115.7
Wed,2014,10,01,274,15,50,01,115.6
Wed,2014,10,01,274,15,51,02,115.6
Wed,2014,10,01,274,15,52,01,115.6
Wed,2014,10,01,274,15,53,02,115.8
Wed,2014,10,01,274,15,54,02,115.6
Wed,2014,10,01,274,15,55,01,115.9
Wed,2014,10,01,274,15,56,02,115.6
Wed,2014,10,01,274,15,57,01,116.4
Wed,2014,10,01,274,15,58,02,116.1
Wed,2014,10,01,274,15,59,01,115.1
Wed,2014,10,01,274,16,00,02,115.5
Wed,2014,10,01,274,16,01,02,115.8
Wed,2014,10,01,274,16,02,01,115.1
Wed,2014,10,01,274,16,03,02,114.8
Wed,2014,10,01,274,16,04,01,115.5
Wed,2014,10,01,274,16,05,02,115.7
Wed,2014,10,01,274,16,06,02,115.6
Wed,2014,10,01,274,16,07,01,115.2
Wed,2014,10,01,274,16,08,02,116.1
Wed,2014,10,01,274,16,09,01,114.6
Wed,2014,10,01,274,16,10,02,115.6
Wed,2014,10,01,274,16,11,01,115.7
Wed,2014,10,01,274,16,12,02,115.3
Wed,2014,10,01,274,16,13,02,115.0
Wed,2014,10,01,274,16,14,01,115.9
Wed,2014,10,01,274,16,15,02,115.3
Wed,2014,10,01,274,16,16,01,115.9
Wed,2014,10,01,274,16,17,02,111.0
Wed,2014,10,01,274,16,18,02,115.6
Wed,2014,10,01,274,16,19,01,116.4
Wed,2014,10,01,274,16,20,02,115.8
Wed,2014,10,01,274,16,21,01,115.2
Wed,2014,10,01,274,16,22,02,115.1
Wed,2014,10,01,274,16,23,02,115.7
Wed,2014,10,01,274,16,24,01,115.5
Wed,2014,10,01,274,16,25,02,115.8
Wed,2014,10,01,274,16,26,01,115.9
Wed,2014,10,01,274,16,27,02,115.9
Wed,2014,10,01,274,16,28,01,115.4
Wed,2014,10,01,274,16,29,02,115.4
Wed,2014,10,01,274,16,30,02,115.8
Wed,2014,10,01,274,16,31,01,115.3
Wed,2014,10,01,274,16,32,02,115.6
Wed,2014,10,01,274,16,33,01,115.8
Wed,2014,10,01,274,16,34,02,115.8
Wed,2014,10,01,274,16,35,02,115.7
Wed,2014,10,01,274,16,36,01,116.0
Wed,2014,10,01,274,16,37,02,115.4
Wed,2014,10,01,274,16,38,01,114.9
Wed,2014,10,01,274,16,39,02,115.9
Wed,2014,10,01,274,16,40,01,115.5
Wed,2014,10,01,274,16,41,02,115.1
Wed,2014,10,01,274,16,42,02,115.8
Wed,2014,10,01,274,16,43,01,116.0
Wed,2014,10,01,274,16,44,02,115.9
Wed,2014,10,01,274,16,45,01,83.8
Wed,2014,10,01,274,16,46,02,84.2
Wed,2014,10,01,274,16,47,02,84.3
Wed,2014,10,01,274,16,48,01,84.0
Wed,2014,10,01,274,16,49,02,83.6
Wed,2014,10,01,274,16,50,01,84.2
Wed,2014,10,01,274,16,51,02,84.0
Wed,2014,10,01,274,16,52,02,84.4
Wed,2014,10,01,274,16,53,01,82.8
Wed,2014,10,01,274,16,54,02,84.3
Wed,2014,10,01,274,16,55,01,83.6
Wed,2014,10,01,274,16,56,02,83.2
Wed,2014,10,01,274,16,57,01,84.5
Wed,2014,10,01,274,16,58,01,84.0
Wed,2014,10,01,274,16,59,02,84.4
Wed,2014,10,01,274,17,00,01,83.8
Wed,2014,10,01,274,17,01,02,83.1
Wed,2014,10,01,274,17,02,01,82.9
Wed,2014,10,01,274,17,03,02,83.5
Wed,2014,10,01,274,17,04,02,83.9
Wed,2014,10,01,274,17,05,01,84.1
Wed,2014,10,01,274,17,06,02,84.7
Wed,2014,10,01,274,17,07,01,83.5
Wed,2014,10,01,274,17,08,02,84.3
Wed,2014,10,01,274,17,09,02,83.7
Wed,2014,10,01,274,17,10,01,84.1
Wed,2014,10,01,274,17,11,02,83.6
Wed,2014,10,01,274,17,12,01,84.1
Wed,2014,10,01,274,17,13,02,83.8
Wed,2014,10,01,274,17,14,02,84.1
Wed,2014,10,01,274,17,15,01,84.6
Wed,2014,10,01,274,17,16,02,84.1
Wed,2014,10,01,274,17,17,01,84.5
Wed,2014,10,01,274,17,18,02,83.5
Wed,2014,10,01,274,17,19,02,84.6
Wed,2014,10,01,274,17,20,01,83.9
Wed,2014,10,01,274,17,21,02,83.7
Wed,2014,10,01,274,17,22,01,84.4
Wed,2014,10,01,274,17,23,02,84.6
Wed,2014,10,01,274,17,24,01,83.7
Wed,2014,10,01,274,17,25,01,83.9
Wed,2014,10,01,274,17,26,02,83.9
Wed,2014,10,01,274,17,27,01,83.3
Wed,2014,10,01,274,17,28,02,83.4
Wed,2014,10,01,274,17,29,01,84.1
Wed,2014,10,01,274,17,30,02,85.1
Wed,2014,10,01,274,17,31,02,83.8
Wed,2014,10,01,274,17,32,01,84.3
Wed,2014,10,01,274,17,33,02,92.8
Wed,2014,10,01,274,17,34,01,121.8
Wed,2014,10,01,274,17,35,02,122.4
Wed,2014,10,01,274,17,36,02,122.9
Wed,2014,10,01,274,17,37,01,122.2
Wed,2014,10,01,274,17,38,02,121.9
Wed,2014,10,01,274,17,39,01,122.2
Wed,2014,10,01,274,17,40,02,121.6
Wed,2014,10,01,274,17,41,01,121.8
Wed,2014,10,01,274,17,42,01,122.3
Wed,2014,10,01,274,17,43,02,122.3
Wed,2014,10,01,274,17,44,01,122.0
Wed,2014,10,01,274,17,45,02,122.6
Wed,2014,10,01,274,17,46,01,121.6
Wed,2014,10,01,274,17,47,02,122.2
Wed,2014,10,01,274,17,48,02,122.4
Wed,2014,10,01,274,17,49,01,122.2
Wed,2014,10,01,274,17,50,02,121.4
Wed,2014,10,01,274,17,51,01,122.0
Wed,2014,10,01,274,17,52,02,122.3
Wed,2014,10,01,274,17,53,01,121.6
Wed,2014,10,01,274,17,54,01,121.9
Wed,2014,10,01,274,17,55,02,122.5
Wed,2014,10,01,274,17,56,01,121.8
Wed,2014,10,01,274,17,57,02,122.1
Wed,2014,10,01,274,17,58,01,121.6
Wed,2014,10,01,274,17,59,02,122.3
Wed,2014,10,01,274,18,00,02,121.7
Wed,2014,10,01,274,18,01,01,122.1
Wed,2014,10,01,274,18,02,02,121.9
Wed,2014,10,01,274,18,03,01,122.7
Wed,2014,10,01,274,18,04,02,121.9
Wed,2014,10,01,274,18,05,01,122.2
Wed,2014,10,01,274,18,06,01,121.5
Wed,2014,10,01,274,18,07,02,121.7
Wed,2014,10,01,274,18,08,01,122.6
Wed,2014,10,01,274,18,09,02,121.4
Wed,2014,10,01,274,18,10,01,122.5
Wed,2014,10,01,274,18,11,02,122.1
Wed,2014,10,01,274,18,12,02,122.6
Wed,2014,10,01,274,18,13,01,122.6
Wed,2014,10,01,274,18,14,02,122.2
Wed,2014,10,01,274,18,15,01,121.7
Wed,2014,10,01,274,18,16,02,122.3
Wed,2014,10,01,274,18,17,02,121.9
Wed,2014,10,01,274,18,18,01,122.3
Wed,2014,10,01,274,18,19,02,122.5
Wed,2014,10,01,274,18,20,01,122.6
Wed,2014,10,01,274,18,21,02,122.7
Wed,2014,10,01,274,18,22,01,121.7
Wed,2014,10,01,274,18,23,01,121.4
Wed,2014,10,01,274,18,24,02,122.1
Wed,2014,10,01,274,18,25,01,122.4
Wed,2014,10,01,274,18,26,02,121.4
Wed,2014,10,01,274,18,27,01,122.1
Wed,2014,10,01,274,18,28,02,123.0
Wed,2014,10,01,274,18,29,02,122.1
Wed,2014,10,01,274,18,30,01,122.1
Wed,2014,10,01,274,18,31,02,122.7
Wed,2014,10,01,274,18,32,01,121.5
Wed,2014,10,01,274,18,33,02,122.5
Wed,2014,10,01,274,18,34,01,122.3
Wed,2014,10,01,274,18,35,01,123.0
Wed,2014,10,01,274,18,36,02,122.0
Wed,2014,10,01,274,18,37,01,121.8
Wed,2014,10,01,274,18,38,02,121.8
Wed,2014,10,01,274,18,39,01,122.5
Wed,2014,10,01,274,18,40,02,122.4
Wed,2014,10,01,274,18,41,02,122.1
Wed,2014,10,01,274,18,42,01,122.4
Wed,2014,10,01,274,18,43,02,122.9
Wed,2014,10,01,274,18,44,01,122.5
Wed,2014,10,01,274,18,45,02,122.0
Wed,2014,10,01,274,18,46,01,122.6
Wed,2014,10,01,274,18,47,01,122.1
Wed,2014,10,01,274,18,48,02,121.4
Wed,2014,10,01,274,18,49,01,122.2
Wed,2014,10,01,274,18,50,02,121.8
Wed,2014,10,01,274,18,51,01,121.8
Wed,2014,10,01,274,18,52,02,122.0
Wed,2014,10,01,274,18,53,02,122.1
Wed,2014,10,01,274,18,54,01,122.1
Wed,2014,10,01,274,18,55,02,121.9
Wed,2014,10,01,274,18,56,01,122.5
Wed,2014,10,01,274,18,57,02,121.6
Wed,2014,10,01,274,18,58,01,122.1
Wed,2014,10,01,274,18,59,01,122.3
Wed,2014,10,01,274,19,00,02,122.6
Wed,2014,10,01,274,19,01,01,121.9
Wed,2014,10,01,274,19,02,02,121.9
Wed,2014,10,01,274,19,03,01,121.9
Wed,2014,10,01,274,19,04,02,122.2
Wed,2014,10,01,274,19,05,02,122.1
Wed,2014,10,01,274,19,06,01,122.5
Wed,2014,10,01,274,19,07,02,122.4
Wed,2014,10,01,274,19,08,01,122.3
Wed,2014,10,01,274,19,09,02,121.5
Wed,2014,10,01,274,19,10,01,121.6
Wed,2014,10,01,274,19,11,01,122.1
Wed,2014,10,01,274,19,12,02,122.1
Wed,2014,10,01,274,19,13,01,121.6
Wed,2014,10,01,274,19,14,02,121.9
Wed,2014,10,01,274,19,15,01,121.4
Wed,2014,10,01,274,19,16,02,122.2
Wed,2014,10,01,274,19,17,02,121.7
Wed,2014,10,01,274,19,18,01,121.9
Wed,2014,10,01,274,19,19,02,121.0
Wed,2014,10,01,274,19,20,01,121.6
Wed,2014,10,01,274,19,21,02,122.1
Wed,2014,10,01,274,19,22,02,122.3
Wed,2014,10,01,274,19,23,01,121.9
Wed,2014,10,01,274,19,24,02,121.5
Wed,2014,10,01,274,19,25,01,122.0
Wed,2014,10,01,274,19,26,02,122.5
Wed,2014,10,01,274,19,27,01,122.5
Wed,2014,10,01,274,19,28,02,121.5
Wed,2014,10,01,274,19,29,02,122.2
Wed,2014,10,01,274,19,30,01,121.6
Wed,2014,10,01,274,19,31,02,121.3
Wed,2014,10,01,274,19,32,01,121.7
Wed,2014,10,01,274,19,33,02,122.1
Wed,2014,10,01,274,19,34,02,122.3
Wed,2014,10,01,274,19,35,01,122.2
Wed,2014,10,01,274,19,36,02,121.8
Wed,2014,10,01,274,19,37,01,121.9
Wed,2014,10,01,274,19,38,02,121.0
Wed,2014,10,01,274,19,39,01,121.9
Wed,2014,10,01,274,19,40,02,122.1
Wed,2014,10,01,274,19,41,02,120.8
Wed,2014,10,01,274,19,42,01,122.3
Wed,2014,10,01,274,19,43,02,122.1
Wed,2014,10,01,274,19,44,01,122.1
Wed,2014,10,01,274,19,45,02,121.0
Wed,2014,10,01,274,19,46,02,121.0
Wed,2014,10,01,274,19,47,01,122.2
Wed,2014,10,01,274,19,48,02,121.3
Wed,2014,10,01,274,19,49,01,121.8
Wed,2014,10,01,274,19,50,02,121.2
Wed,2014,10,01,274,19,51,01,121.4
Wed,2014,10,01,274,19,52,02,121.8
Wed,2014,10,01,274,19,53,02,121.8
Wed,2014,10,01,274,19,54,01,122.1
Wed,2014,10,01,274,19,55,02,121.8
Wed,2014,10,01,274,19,56,01,122.1
Wed,2014,10,01,274,19,57,02,122.3
Wed,2014,10,01,274,19,58,01,122.0
Wed,2014,10,01,274,19,59,01,122.4
